window,IND 1,IND 10,IND 11,IND 12,IND 13,IND 14,IND 15,IND 16,IND 17,IND 18,IND 19,IND 2,IND 20,IND 21,IND 22,IND 23,IND 24,IND 25,IND 26,IND 27,IND 28,IND 29,IND 3,IND 30,IND 31,IND 32,IND 4,IND 5,IND 6,IND 7,IND 8,IND 9
1,0.461690813404329,1.9527218861042e-6,6.75321916752379e-5,0,4.28885783357787e-4,6.02529371527713e-4,0.073079024630079,2.01568355840605e-10,0.0782724256640591,0.00119965345462805,8.02398365088169e-7,5.71400216582832e-8,3.36017948713623e-5,0,2.25803942869091e-8,2.07184455203596e-8,2.26124836972579e-6,6.1642669032276e-7,0.00583321170391128,0,0,0,0.00217721352547124,0,0,0,5.57360736126576e-4,1.0481344383858e-8,3.33441947433786e-5,4.1869529517213e-5,6.32107948295562e-4,0.0954809062961035
2,1.24704461740889e-4,2.58611720486721e-5,0.00346400137418855,0,4.49971435937323e-6,0,3.41669333847084e-4,1.2946911522845e-8,0.159517113398412,0.00388277375083501,8.29339322833064e-7,2.40263949906379e-6,1.69130386102781e-4,4.14482051638071e-4,3.83820293289682e-8,3.31077952006794e-8,7.12131438739428e-6,4.05809798799816e-6,0.00338784484350426,0,0,0,4.60011737580718e-5,0,0,0,4.30088192454069e-4,5.21553361737464e-8,2.5643298233684e-4,7.53534009786753e-5,1.96215356125238e-4,0.0785944192928891
3,0.241094979500618,8.29480796645587e-5,0.00635304606979777,0,1.19706289111421e-7,0,9.12293535067547e-7,4.77320874499462e-5,0.0154918783220763,1.51709778730876e-4,1.04363585964355e-6,1.27203073937324e-6,7.07574314091839e-5,1.0352217726672e-4,8.07189517252176e-7,7.11294590878138e-9,4.5506253082464e-6,5.28290607943183e-7,2.27992245512381e-4,0,0,0,4.84894175469309e-5,0,0,0,0.00021123390939391801,4.59943331318905e-7,3.19841877531272e-6,4.45398844378694e-6,8.85010848663455e-4,3.18499351784922e-5
